Peptide Sequence	Modified Peptide	Peptide Length	Charge	Compensation Voltage	Label Count	Light Modified Peptide	Heavy Modified Peptide	Light Intensity	Heavy Intensity	Log2 Ratio HL	Pearson Correlation LH	Light Apex Retention Time	Heavy Apex Retention Time	Light Match Type	Heavy Match Type	Protein	Protein ID	Entry Name	Gene	Protein Description	Mapped Genes	Mapped Proteins
ASGVQVADEVCR	n[42.0106]ASGVQVADEVCR	12	2	-35	1	n[42.0106]ASGVQVADEVC[521.3074]R	n[42.0106]ASGVQVADEVC[527.3213]R	4.4977116E7	8.3806E7	0.8978623469825808	0.98937255	2040.3091	2040.3091	requantify	MS/MS	sp|P60981|DEST_HUMAN	P60981	DEST_HUMAN	DSTN	Destrin		
AVCMLSNTTAIAEAWAR	AVCMLSNTTAIAEAWAR	17	2	-35	1	AVC[521.3074]MLSNTTAIAEAWAR	AVC[527.3213]MLSNTTAIAEAWAR	7.545448E7	9.8604816E7	0.3860515290565065	0.99962693	2712.2961	2712.2961	MS/MS	requantify	sp|P68366|TBA4A_HUMAN	P68366	TBA4A_HUMAN	TUBA4A	Tubulin alpha-4A chain	TUBA1A, TUBA1B, TUBA3E, TUBA8	sp|P68363|TBA1B_HUMAN, sp|Q6PEY2|TBA3E_HUMAN, sp|Q71U36|TBA1A_HUMAN, sp|Q9NY65|TBA8_HUMAN
AYHEQLSVAEITNACFEPANQMVK	AYHEQLSVAEITNACFEPANQMVK	24	4	-55	1	AYHEQLSVAEITNAC[521.3074]FEPANQMVK	AYHEQLSVAEITNAC[527.3213]FEPANQMVK	4.1708068E7	6.4962584E7	0.6392825193323097	0.9997736	2424.7722	2424.7722	requantify	MS/MS	sp|P68366|TBA4A_HUMAN	P68366	TBA4A_HUMAN	TUBA4A	Tubulin alpha-4A chain	TUBA1A, TUBA1B, TUBA3E	sp|P68363|TBA1B_HUMAN, sp|Q6PEY2|TBA3E_HUMAN, sp|Q71U36|TBA1A_HUMAN
DDDIAALVVDNGSGMCK	n[42.0106]DDDIAALVVDNGSGMCK	17	2	-45	1	n[42.0106]DDDIAALVVDNGSGMC[521.3074]K	n[42.0106]DDDIAALVVDNGSGMC[527.3213]K	2348100.0	2.2271968E7	3.2456632423824043	0.8323484	2804.9832	2802.467	requantify	MS/MS	sp|P60709|ACTB_HUMAN	P60709	ACTB_HUMAN	ACTB	Actin, cytoplasmic 1		
FRCPEALFQPSFLGMESCGIHETTFNSIMK	FRC[57.0215]PEALFQPSFLGMESCGIHETTFNSIM[15.9949]K	30	4	-45	1	FRC[57.0215]PEALFQPSFLGMESC[521.3074]GIHETTFNSIM[15.9949]K	FRC[57.0215]PEALFQPSFLGMESC[527.3213]GIHETTFNSIM[15.9949]K	3.7643128E7	5.4120892E7	0.5237990632596456	0.7753635	2857.3132	2854.8582	MS/MS	requantify	sp|P60709|ACTB_HUMAN	P60709	ACTB_HUMAN	ACTB	Actin, cytoplasmic 1	ACTG1	sp|P63261|ACTG_HUMAN
GCGTVLLSGPR	GCGTVLLSGPR	11	2	-45	1	GC[521.3074]GTVLLSGPR	GC[527.3213]GTVLLSGPR	9.2329552E7	1.32169272E8	0.5175224619507213	0.9747931	1791.4281	1791.4281	MS/MS	MS/MS	sp|Q07020|RL18_HUMAN	Q07020	RL18_HUMAN	RPL18	60S ribosomal protein L18		
GCTATLGNFAK	GCTATLGNFAK	11	2	-45	1	GC[521.3074]TATLGNFAK	GC[527.3213]TATLGNFAK	4.70055296E8	6.0699072E8	0.3688439888399141	0.98745096	1767.4761	1767.4761	MS/MS	requantify	sp|P15880|RS2_HUMAN	P15880	RS2_HUMAN	RPS2	40S ribosomal protein S2		
GCTATLGNFAK	GCTATLGNFAK	11	2	-35	1	GC[521.3074]TATLGNFAK	GC[527.3213]TATLGNFAK	2.72559008E8	4.23902592E8	0.6371641338004417	0.99511623	1769.4891	1769.4891	MS/MS	requantify	sp|P15880|RS2_HUMAN	P15880	RS2_HUMAN	RPS2	40S ribosomal protein S2		
HGEVCPAGWKPGSDTIKPDVQK	HGEVCPAGWKPGSDTIKPDVQK	22	4	-45	1	HGEVC[521.3074]PAGWKPGSDTIKPDVQK	HGEVC[527.3213]PAGWKPGSDTIKPDVQK	1.06940472E8	2.46723424E8	1.20608668690416	0.91008383	1595.06	1595.06	MS/MS	requantify	sp|Q06830|PRDX1_HUMAN	Q06830	PRDX1_HUMAN	PRDX1	Peroxiredoxin-1		
HGFCGIPITDTGR	HGFCGIPITDTGR	13	2	-45	1	HGFC[521.3074]GIPITDTGR	HGFC[527.3213]GIPITDTGR	4.9013752E7	2.6468944E7	-0.888885985435862	0.95793843	1904.7041	1904.7041	requantify	MS/MS	sp|P12268|IMDH2_HUMAN	P12268	IMDH2_HUMAN	IMPDH2	Inosine-5'-monophosphate dehydrogenase 2		
HGFCGIPITDTGR	HGFCGIPITDTGR	13	2	-35	1	HGFC[521.3074]GIPITDTGR	HGFC[527.3213]GIPITDTGR	3.9659088E8	2.60793168E8	-0.6047454192240216	0.9673522	1906.7131	1906.7131	MS/MS	requantify	sp|P12268|IMDH2_HUMAN	P12268	IMDH2_HUMAN	IMPDH2	Inosine-5'-monophosphate dehydrogenase 2		
HRPQVAIICGSGLGGLTDKLTQAQIFDYGEIPNFPR	HRPQVAIICGSGLGGLTDKLTQAQIFDYGEIPNFPR	36	4	-45	1	HRPQVAIIC[521.3074]GSGLGGLTDKLTQAQIFDYGEIPNFPR	HRPQVAIIC[527.3213]GSGLGGLTDKLTQAQIFDYGEIPNFPR	1.12429216E8	1.98993376E8	0.8237033848236884	0.9876164	2891.83	2891.83	MS/MS	requantify	sp|P00491|PNPH_HUMAN	P00491	PNPH_HUMAN	PNP	Purine nucleoside phosphorylase		
HRPQVAIICGSGLGGLTDKLTQAQIFDYGEIPNFPR	HRPQVAIICGSGLGGLTDKLTQAQIFDYGEIPNFPR	36	4	-35	1	HRPQVAIIC[521.3074]GSGLGGLTDKLTQAQIFDYGEIPNFPR	HRPQVAIIC[527.3213]GSGLGGLTDKLTQAQIFDYGEIPNFPR	1.28570832E8	1.88191584E8	0.5496387440163883	0.99443704	2890.8281	2890.8281	MS/MS	requantify	sp|P00491|PNPH_HUMAN	P00491	PNPH_HUMAN	PNP	Purine nucleoside phosphorylase		
HRPQVAIICGSGLGGLTDKLTQAQIFDYGEIPNFPR	HRPQVAIICGSGLGGLTDKLTQAQIFDYGEIPNFPR	36	5	-45	1	HRPQVAIIC[521.3074]GSGLGGLTDKLTQAQIFDYGEIPNFPR	HRPQVAIIC[527.3213]GSGLGGLTDKLTQAQIFDYGEIPNFPR	6.952184E7	1.24437816E8	0.8398868225812794	0.94743174	2891.83	2891.83	MS/MS	requantify	sp|P00491|PNPH_HUMAN	P00491	PNPH_HUMAN	PNP	Purine nucleoside phosphorylase		
HRPQVAIICGSGLGGLTDKLTQAQIFDYGEIPNFPR	HRPQVAIICGSGLGGLTDKLTQAQIFDYGEIPNFPR	36	5	-35	1	HRPQVAIIC[521.3074]GSGLGGLTDKLTQAQIFDYGEIPNFPR	HRPQVAIIC[527.3213]GSGLGGLTDKLTQAQIFDYGEIPNFPR	8.6102896E7	1.29134544E8	0.5847413140774093	0.9658108	2890.8281	2890.8281	MS/MS	requantify	sp|P00491|PNPH_HUMAN	P00491	PNPH_HUMAN	PNP	Purine nucleoside phosphorylase		
IISNASCTTNCLAPLAK	IISNASCTTNC[57.0215]LAPLAK	17	2	-35	1	IISNASC[521.3074]TTNC[57.0215]LAPLAK	IISNASC[527.3213]TTNC[57.0215]LAPLAK	1.2263319E9	1.05706739E9	-0.21428214366109305	0.46015173	1924.951	1924.951	MS/MS	MS/MS	sp|P04406|G3P_HUMAN	P04406	G3P_HUMAN	GAPDH	Glyceraldehyde-3-phosphate dehydrogenase		
IISNASCTTNCLAPLAKVIHDNFGIVEGLMTTVHAITATQK	IISNASC[57.0215]TTNCLAPLAKVIHDNFGIVEGLMTTVHAITATQK	41	5	-35	1	IISNASC[57.0215]TTNC[521.3074]LAPLAKVIHDNFGIVEGLMTTVHAITATQK	IISNASC[57.0215]TTNC[527.3213]LAPLAKVIHDNFGIVEGLMTTVHAITATQK	9.1036792E7	1.06811616E8	0.23054691069956348	0.9787508	3924.5142	3924.5142	requantify	MS/MS	sp|P04406|G3P_HUMAN	P04406	G3P_HUMAN	GAPDH	Glyceraldehyde-3-phosphate dehydrogenase		
KGLIAAICAGPTALLAHEIGFGSK	KGLIAAICAGPTALLAHEIGFGSK	24	4	-55	1	KGLIAAIC[521.3074]AGPTALLAHEIGFGSK	KGLIAAIC[527.3213]AGPTALLAHEIGFGSK	7725074.0	1.06753328E8	3.788588509016876	-0.061204433	2860.2551	2869.341	MS/MS	requantify	sp|Q99497|PARK7_HUMAN	Q99497	PARK7_HUMAN	PARK7	Protein/nucleic acid deglycase DJ-1		
KGLIAAICAGPTALLAHEIGFGSK	KGLIAAICAGPTALLAHEIGFGSK	24	4	-45	1	KGLIAAIC[521.3074]AGPTALLAHEIGFGSK	KGLIAAIC[527.3213]AGPTALLAHEIGFGSK	1.16484912E8	1.11714112E8	-0.06033165729131171	0.67788696	2870.849	2868.318	MS/MS	requantify	sp|Q99497|PARK7_HUMAN	Q99497	PARK7_HUMAN	PARK7	Protein/nucleic acid deglycase DJ-1		
LIEDDENSQCKITIVGTGAVGMACAISILLK	LIEDDENSQC[57.0215]KITIVGTGAVGM[15.9949]ACAISILLK	31	6	-45	1	LIEDDENSQC[57.0215]KITIVGTGAVGM[15.9949]AC[521.3074]AISILLK	LIEDDENSQC[57.0215]KITIVGTGAVGM[15.9949]AC[527.3213]AISILLK	18690.77	597384.8	4.998262703539905	0.4264095	2017.545	2014.5171	requantify	MS/MS	sp|P07864|LDHC_HUMAN	P07864	LDHC_HUMAN	LDHC	L-lactate dehydrogenase C chain		
LVVPATQCGSLIGK	LVVPATQCGSLIGK	14	2	-35	1	LVVPATQC[521.3074]GSLIGK	LVVPATQC[527.3213]GSLIGK	4.0070204E7	6.8863312E7	0.7812057089125808	0.9932615	2055.28	2055.28	requantify	MS/MS	sp|Q15365|PCBP1_HUMAN	Q15365	PCBP1_HUMAN	PCBP1	Poly(rC)-binding protein 1		
NMMAACDPR	NM[15.9949]M[15.9949]AACDPR	9	2	-35	1	NM[15.9949]M[15.9949]AAC[521.3074]DPR	NM[15.9949]M[15.9949]AAC[527.3213]DPR	4.38064416E8	5.8309222E8	0.4125810878402129	0.99817383	1510.7291	1510.7291	MS/MS	requantify	sp|P07437|TBB5_HUMAN	P07437	TBB5_HUMAN	TUBB	Tubulin beta chain	TUBB2A, TUBB2B, TUBB3, TUBB4A, TUBB4B, TUBB6, TUBB8	sp|P04350|TBB4A_HUMAN, sp|P68371|TBB4B_HUMAN, sp|Q13509|TBB3_HUMAN, sp|Q13885|TBB2A_HUMAN, sp|Q3ZCM7|TBB8_HUMAN, sp|Q9BUF5|TBB6_HUMAN, sp|Q9BVA1|TBB2B_HUMAN
SIQFVDWCPTGFKVGINYQPPTVVPGGDLAK	SIQFVDWCPTGFKVGINYQPPTVVPGGDLAK	31	4	-55	1	SIQFVDWC[521.3074]PTGFKVGINYQPPTVVPGGDLAK	SIQFVDWC[527.3213]PTGFKVGINYQPPTVVPGGDLAK	1.06030832E8	1.5918512E8	0.5862216666592457	0.99917024	2901.9722	2901.9722	requantify	MS/MS	sp|P68366|TBA4A_HUMAN	P68366	TBA4A_HUMAN	TUBA4A	Tubulin alpha-4A chain	TUBA1B	sp|P68363|TBA1B_HUMAN
SRPSEAEEVPVSFDQPPEGSHLPCYNK	SRPSEAEEVPVSFDQPPEGSHLPCYNK	27	4	-45	1	SRPSEAEEVPVSFDQPPEGSHLPC[521.3074]YNK	SRPSEAEEVPVSFDQPPEGSHLPC[527.3213]YNK	8.4352832E7	1.26875792E8	0.5889084581771089	0.97153264	1999.623	2002.1451	MS/MS	MS/MS	sp|Q6JBY9|CPZIP_HUMAN	Q6JBY9	CPZIP_HUMAN	RCSD1	CapZ-interacting protein		
STLTDSLVCK	STLTDSLVCK	10	2	-35	1	STLTDSLVC[521.3074]K	STLTDSLVC[527.3213]K	1.84676128E8	3.5247312E8	0.9325158384056745	0.9295608	1887.337	1887.337	MS/MS	requantify	sp|P13639|EF2_HUMAN	P13639	EF2_HUMAN	EEF2	Elongation factor 2		
TVLIACNVK	TVLIACNVK	9	2	-35	1	TVLIAC[521.3074]NVK	TVLIAC[527.3213]NVK	4.9455992E7	6.9336768E7	0.4874752580196246	0.96302164	1769.4891	1769.4891	MS/MS	requantify	sp|P25205|MCM3_HUMAN	P25205	MCM3_HUMAN	MCM3	DNA replication licensing factor MCM3		
VIISAPSADAPMFVMGVNHEKYDNSLKIISNASCTTNCLAPLAK	VIISAPSADAPMFVMGVNHEKYDNSLKIISNASCTTNC[57.0215]LAPLAK	44	5	-45	1	VIISAPSADAPMFVMGVNHEKYDNSLKIISNASC[521.3074]TTNC[57.0215]LAPLAK	VIISAPSADAPMFVMGVNHEKYDNSLKIISNASC[527.3213]TTNC[57.0215]LAPLAK	3.12667648E8	4.89364544E8	0.646279631388255	0.83755326	2750.4292	2752.174	MS/MS	requantify	sp|P04406|G3P_HUMAN	P04406	G3P_HUMAN	GAPDH	Glyceraldehyde-3-phosphate dehydrogenase		
YGIICMEDLIHEIYTVGKR	YGIICMEDLIHEIYTVGKR	19	4	-55	1	YGIIC[521.3074]MEDLIHEIYTVGKR	YGIIC[527.3213]MEDLIHEIYTVGKR	2.77528384E8	4.29044352E8	0.6284914860428448	0.99970466	3126.6252	3126.6252	MS/MS	MS/MS	sp|P18124|RL7_HUMAN	P18124	RL7_HUMAN	RPL7	60S ribosomal protein L7		
YGIICMEDLIHEIYTVGKR	YGIICMEDLIHEIYTVGKR	19	4	-45	1	YGIIC[521.3074]MEDLIHEIYTVGKR	YGIIC[527.3213]MEDLIHEIYTVGKR	3.6289548E7	5.3667924E7	0.564505970291997	0.98980933	3127.8672	3127.8672	MS/MS	requantify	sp|P18124|RL7_HUMAN	P18124	RL7_HUMAN	RPL7	60S ribosomal protein L7		
YLECSALTQR	YLECSALTQR	10	2	-35	1	YLEC[521.3074]SALTQR	YLEC[527.3213]SALTQR	1.689472E7	2.7199374E7	0.6870009866922526	0.9915724	1757.691	1757.691	requantify	MS/MS	sp|P15153|RAC2_HUMAN	P15153	RAC2_HUMAN	RAC2	Ras-related C3 botulinum toxin substrate 2	RAC1, RAC3	sp|P60763|RAC3_HUMAN, sp|P63000|RAC1_HUMAN
